Timestamp,Task,Status,DurationSeconds,Notes

"2026-01-11 23:13:12 CsvEscape"
"2026-01-11 23:13:41 CsvEscape"
"2026-01-11 23:14:12 CsvEscape"
"2026-01-11 23:15:17 CsvEscape"
"2026-01-11 23:15:38 CsvEscape"
"2026-01-11 23:15:38 CsvEscape"
"2026-01-11 23:15:46 CsvEscape"
"2026-01-11 23:16:10 CsvEscape"
"2026-01-11 23:16:10 CsvEscape"
"2026-01-11 23:16:15 CsvEscape"
"2026-01-11 23:16:37 CsvEscape"
"2026-01-11 23:16:37 CsvEscape"
"2026-01-11 23:16:44 CsvEscape"
"2026-01-11 23:17:05 CsvEscape"
"2026-01-11 23:17:06 CsvEscape"
"2026-01-11 23:17:13 CsvEscape"
"2026-01-11 23:17:33 CsvEscape"
"2026-01-11 23:17:33 CsvEscape"
"2026-01-11 23:17:41 CsvEscape"
"2026-01-11 23:18:02 CsvEscape"
"2026-01-11 23:18:31 CsvEscape"
"2026-01-11 23:18:31 CsvEscape"
